Result,Margin,BR,Toss,Bat,Opposition,Ground,Start Date
draw,-,-,lost,1st,TestvWestIndies,Bridgetown,28Jun2011
draw,-,-,won,2nd,TestvWestIndies,Roseau,6Jul2011
lost,196runs,-,won,2nd,TestvEngland,Lord's,21Jul2011
lost,319runs,-,won,2nd,TestvEngland,Nottingham,29Jul2011
lost,inns&242runs,-,lost,1st,TestvEngland,Birmingham,10Aug2011
lost,inns&8runs,-,lost,2nd,TestvEngland,TheOval,18Aug2011
lost,6wickets,3,won,1st,T20IvEngland,Manchester,31Aug2011
n/r,-,-,lost,1st,ODIvEngland,Chester-le-Street,3Sep2011
lost,7wickets,5,lost,1st,ODIvEngland,Southampton,6Sep2011
lost,3wickets,7,lost,1st,ODIvEngland,TheOval,9Sep2011
tied,-,-,lost,1st,ODIvEngland,Lord's,11Sep2011
lost,6wickets,10,lost,1st,ODIvEngland,Cardiff,16Sep2011
won,126runs,-,won,1st,ODIvEngland,Hyderabad(Deccan),14Oct2011
won,8wickets,80,lost,2nd,ODIvEngland,Delhi,17Oct2011
won,5wickets,4,lost,2nd,ODIvEngland,Mohali,20Oct2011
won,6wickets,59,lost,2nd,ODIvEngland,Mumbai,23Oct2011
won,95runs,-,lost,1st,ODIvEngland,Kolkata,25Oct2011
lost,6wickets,8,won,1st,T20IvEngland,Kolkata,29Oct2011
won,5wickets,-,lost,2nd,TestvWestIndies,Delhi,6Nov2011
won,inns&15runs,-,won,1st,TestvWestIndies,Kolkata,14Nov2011
draw,-,-,lost,2nd,TestvWestIndies,Mumbai,22Nov2011
won,1wickets,7,won,2nd,ODIvWestIndies,Cuttack,29Nov2011
won,5wickets,11,won,2nd,ODIvWestIndies,Visakhapatnam,2Dec2011
lost,16runs,-,won,2nd,ODIvWestIndies,Ahmedabad,5Dec2011
won,153runs,-,won,1st,ODIvWestIndies,Indore,8Dec2011
won,34runs,-,won,1st,ODIvWestIndies,Chennai,11Dec2011
lost,122runs,-,lost,2nd,TestvAustralia,Melbourne,26Dec2011
lost,inns&68runs,-,won,1st,TestvAustralia,Sydney,3Jan2012
lost,inns&37runs,-,lost,1st,TestvAustralia,Perth,13Jan2012
lost,298runs,-,lost,2nd,TestvAustralia,Adelaide,24Jan2012
lost,31runs,-,won,2nd,T20IvAustralia,Sydney,1Feb2012
won,8wickets,2,lost,2nd,T20IvAustralia,Melbourne,3Feb2012
lost,65runs,-,won,2nd,ODIvAustralia,Melbourne,5Feb2012
won,4wickets,20,lost,2nd,ODIvSriLanka,Perth,8Feb2012
won,4wickets,2,lost,2nd,ODIvAustralia,Adelaide,12Feb2012
tied,-,-,lost,2nd,ODIvSriLanka,Adelaide,14Feb2012
lost,110runs,-,lost,2nd,ODIvAustralia,Brisbane,19Feb2012
lost,51runs,-,lost,2nd,ODIvSriLanka,Brisbane,21Feb2012
lost,87runs,-,lost,2nd,ODIvAustralia,Sydney,26Feb2012
won,7wickets,80,won,2nd,ODIvSriLanka,Hobart,28Feb2012
won,50runs,-,lost,1st,ODIvSriLanka,Dhaka,13Mar2012
lost,5wickets,4,lost,1st,ODIvBangladesh,Dhaka,16Mar2012
won,6wickets,13,lost,2nd,ODIvPakistan,Dhaka,18Mar2012
lost,11runs,-,won,2nd,T20IvSouthAfrica,Johannesburg,30Mar2012
won,21runs,-,won,1st,ODIvSriLanka,Hambantota,21Jul2012
lost,9wickets,181,won,1st,ODIvSriLanka,Hambantota,24Jul2012
won,5wickets,2,lost,2nd,ODIvSriLanka,Colombo(RPS),28Jul2012
won,6wickets,46,lost,2nd,ODIvSriLanka,Colombo(RPS),31Jul2012
won,20runs,-,won,1st,ODIvSriLanka,Pallekele,4Aug2012
won,39runs,-,lost,1st,T20IvSriLanka,Pallekele,7Aug2012
won,inns&115runs,-,won,1st,TestvNewZealand,Hyderabad(Deccan),23Aug2012
won,5wickets,-,lost,2nd,TestvNewZealand,Bengaluru,31Aug2012
lost,1runs,-,won,2nd,T20IvNewZealand,Chennai,11Sep2012
won,23runs,-,lost,1st,T20IvAfghanistan,Colombo(RPS),19Sep2012
won,90runs,-,lost,1st,T20IvEngland,Colombo(RPS),23Sep2012
lost,9wickets,31,won,1st,T20IvAustralia,Colombo(RPS),28Sep2012
won,8wickets,18,lost,2nd,T20IvPakistan,Colombo(RPS),30Sep2012
won,1runs,-,lost,1st,T20IvSouthAfrica,Colombo(RPS),2Oct2012
won,9wickets,-,won,1st,TestvEngland,Ahmedabad,15Nov2012
lost,10wickets,-,won,1st,TestvEngland,Mumbai,23Nov2012
lost,7wickets,-,won,1st,TestvEngland,Kolkata,5Dec2012
draw,-,-,lost,2nd,TestvEngland,Nagpur,13Dec2012
won,5wickets,13,won,2nd,T20IvEngland,Pune,20Dec2012
lost,6wickets,0,lost,1st,T20IvEngland,Mumbai,22Dec2012
lost,5wickets,2,lost,1st,T20IvPakistan,Bengaluru,25Dec2012
won,11runs,-,lost,1st,T20IvPakistan,Ahmedabad,28Dec2012
lost,6wickets,11,lost,1st,ODIvPakistan,Chennai,30Dec2012
lost,85runs,-,won,2nd,ODIvPakistan,Kolkata,3Jan2013
won,10runs,-,won,1st,ODIvPakistan,Delhi,6Jan2013
lost,9runs,-,lost,2nd,ODIvEngland,Rajkot,11Jan2013
won,127runs,-,won,1st,ODIvEngland,Kochi,15Jan2013
won,7wickets,131,won,2nd,ODIvEngland,Ranchi,19Jan2013
won,5wickets,15,won,2nd,ODIvEngland,Mohali,23Jan2013
lost,7wickets,16,lost,1st,ODIvEngland,Dharamsala,27Jan2013
won,8wickets,-,lost,2nd,TestvAustralia,Chennai,22Feb2013
won,inns&135runs,-,lost,2nd,TestvAustralia,Hyderabad(Deccan),2Mar2013
won,6wickets,-,lost,2nd,TestvAustralia,Mohali,14Mar2013
won,6wickets,-,lost,2nd,TestvAustralia,Delhi,22Mar2013
won,26runs,-,lost,1st,ODIvSouthAfrica,Cardiff,6Jun2013
won,8wickets,65,won,2nd,ODIvWestIndies,TheOval,11Jun2013
won,8wickets,17,won,2nd,ODIvPakistan,Birmingham,15Jun2013
won,8wickets,90,won,2nd,ODIvSriLanka,Cardiff,20Jun2013
won,5runs,-,lost,1st,ODIvEngland,Birmingham,23Jun2013
lost,1wickets,14,lost,1st,ODIvWestIndies,Kingston,30Jun2013
lost,161runs,-,won,2nd,ODIvSriLanka,Kingston,2Jul2013
won,102runs,-,lost,1st,ODIvWestIndies,PortofSpain,5Jul2013
won,81runs,-,lost,1st,ODIvSriLanka,PortofSpain,9Jul2013
won,1wickets,2,won,2nd,ODIvSriLanka,PortofSpain,11Jul2013
won,6wickets,31,won,2nd,ODIvZimbabwe,Harare,24Jul2013
won,58runs,-,lost,1st,ODIvZimbabwe,Harare,26Jul2013
won,7wickets,87,won,2nd,ODIvZimbabwe,Harare,28Jul2013
won,9wickets,115,won,2nd,ODIvZimbabwe,Bulawayo,1Aug2013
won,7wickets,96,won,2nd,ODIvZimbabwe,Bulawayo,3Aug2013
won,6wickets,2,won,2nd,T20IvAustralia,Rajkot,10Oct2013
lost,72runs,-,lost,2nd,ODIvAustralia,Pune,13Oct2013
won,9wickets,39,lost,2nd,ODIvAustralia,Jaipur,16Oct2013
lost,4wickets,3,lost,1st,ODIvAustralia,Mohali,19Oct2013
n/r,-,-,won,2nd,ODIvAustralia,Ranchi,23Oct2013
won,6wickets,3,won,2nd,ODIvAustralia,Nagpur,30Oct2013
won,57runs,-,lost,1st,ODIvAustralia,Bengaluru,2Nov2013
won,inns&51runs,-,lost,2nd,TestvWestIndies,Kolkata,6Nov2013
won,inns&126runs,-,won,2nd,TestvWestIndies,Mumbai,14Nov2013
won,6wickets,88,lost,2nd,ODIvWestIndies,Kochi,21Nov2013
lost,2wickets,3,lost,1st,ODIvWestIndies,Visakhapatnam,24Nov2013
won,5wickets,23,won,2nd,ODIvWestIndies,Kanpur,27Nov2013
lost,141runs,-,won,2nd,ODIvSouthAfrica,Johannesburg,5Dec2013
lost,134runs,-,won,2nd,ODIvSouthAfrica,Durban,8Dec2013
n/r,-,-,lost,2nd,ODIvSouthAfrica,Centurion,11Dec2013
draw,-,-,won,1st,TestvSouthAfrica,Johannesburg,18Dec2013
lost,10wickets,-,won,1st,TestvSouthAfrica,Durban,26Dec2013
lost,24runs,-,won,2nd,ODIvNewZealand,Napier,19Jan2014
lost,15runs,-,won,2nd,ODIvNewZealand,Hamilton,22Jan2014
tied,-,-,won,2nd,ODIvNewZealand,Auckland,25Jan2014
lost,7wickets,11,won,1st,ODIvNewZealand,Hamilton,28Jan2014
lost,87runs,-,won,2nd,ODIvNewZealand,Wellington,31Jan2014
lost,40runs,-,won,2nd,TestvNewZealand,Auckland,6Feb2014
draw,-,-,won,2nd,TestvNewZealand,Wellington,14Feb2014
won,6wickets,6,won,2nd,ODIvBangladesh,Fatullah,26Feb2014
lost,2wickets,4,lost,1st,ODIvSriLanka,Fatullah,28Feb2014
lost,1wickets,2,lost,1st,ODIvPakistan,Dhaka,2Mar2014
won,8wickets,106,won,2nd,ODIvAfghanistan,Dhaka,5Mar2014
won,7wickets,9,won,2nd,T20IvPakistan,Dhaka,21Mar2014
won,7wickets,2,won,2nd,T20IvWestIndies,Dhaka,23Mar2014
won,8wickets,9,won,2nd,T20IvBangladesh,Dhaka,28Mar2014
won,73runs,-,lost,1st,T20IvAustralia,Dhaka,30Mar2014
won,6wickets,5,lost,2nd,T20IvSouthAfrica,Dhaka,4Apr2014
lost,6wickets,13,lost,1st,T20IvSriLanka,Dhaka,6Apr2014
won,7wickets,7,lost,2nd,ODIvBangladesh,Dhaka,15Jun2014
won,47runs,-,lost,1st,ODIvBangladesh,Dhaka,17Jun2014
n/r,-,-,won,1st,ODIvBangladesh,Dhaka,19Jun2014
draw,-,-,won,1st,TestvEngland,Nottingham,9Jul2014
won,95runs,-,lost,1st,TestvEngland,Lord's,17Jul2014
lost,266runs,-,lost,2nd,TestvEngland,Southampton,27Jul2014
lost,inns&54runs,-,won,1st,TestvEngland,Manchester,7Aug2014
lost,inns&244runs,-,lost,1st,TestvEngland,TheOval,15Aug2014
won,133runs,-,lost,1st,ODIvEngland,Cardiff,27Aug2014
won,6wickets,42,won,2nd,ODIvEngland,Nottingham,30Aug2014
won,9wickets,117,won,2nd,ODIvEngland,Birmingham,2Sep2014
lost,41runs,-,won,2nd,ODIvEngland,Leeds,5Sep2014
lost,3runs,-,lost,2nd,T20IvEngland,Birmingham,7Sep2014
lost,124runs,-,won,2nd,ODIvWestIndies,Kochi,8Oct2014
won,48runs,-,won,1st,ODIvWestIndies,Delhi,11Oct2014
won,59runs,-,lost,1st,ODIvWestIndies,Dharamsala,17Oct2014
won,169runs,-,lost,1st,ODIvSriLanka,Cuttack,2Nov2014
won,6wickets,33,lost,2nd,ODIvSriLanka,Ahmedabad,6Nov2014
won,6wickets,35,lost,2nd,ODIvSriLanka,Hyderabad(Deccan),9Nov2014
won,153runs,-,won,1st,ODIvSriLanka,Kolkata,13Nov2014
won,3wickets,8,lost,2nd,ODIvSriLanka,Ranchi,16Nov2014
lost,48runs,-,lost,2nd,TestvAustralia,Adelaide,9Dec2014
lost,4wickets,-,won,1st,TestvAustralia,Brisbane,17Dec2014
draw,-,-,lost,2nd,TestvAustralia,Melbourne,26Dec2014
draw,-,-,lost,2nd,TestvAustralia,Sydney,6Jan2015
lost,4wickets,6,won,1st,ODIvAustralia,Melbourne,18Jan2015
lost,9wickets,135,won,1st,ODIvEngland,Brisbane,20Jan2015
n/r,-,-,lost,1st,ODIvAustralia,Sydney,26Jan2015
lost,3wickets,19,lost,1st,ODIvEngland,Perth,30Jan2015
won,76runs,-,won,1st,ODIvPakistan,Adelaide,15Feb2015
won,130runs,-,won,1st,ODIvSouthAfrica,Melbourne,22Feb2015
won,9wickets,187,lost,2nd,ODIvU.A.E.,Perth,28Feb2015
won,4wickets,65,lost,2nd,ODIvWestIndies,Perth,6Mar2015
won,8wickets,79,lost,2nd,ODIvIreland,Hamilton,10Mar2015
won,6wickets,8,won,2nd,ODIvZimbabwe,Auckland,14Mar2015
won,109runs,-,won,1st,ODIvBangladesh,Melbourne,19Mar2015
lost,95runs,-,lost,2nd,ODIvAustralia,Sydney,26Mar2015
draw,-,-,won,1st,TestvBangladesh,Fatullah,10Jun2015
lost,79runs,-,lost,2nd,ODIvBangladesh,Dhaka,18Jun2015
lost,6wickets,54,won,1st,ODIvBangladesh,Dhaka,21Jun2015
won,77runs,-,lost,1st,ODIvBangladesh,Dhaka,24Jun2015
won,4runs,-,lost,1st,ODIvZimbabwe,Harare,10Jul2015
won,62runs,-,lost,1st,ODIvZimbabwe,Harare,12Jul2015
won,83runs,-,lost,1st,ODIvZimbabwe,Harare,14Jul2015
won,54runs,-,won,1st,T20IvZimbabwe,Harare,17Jul2015
lost,10runs,-,lost,2nd,T20IvZimbabwe,Harare,19Jul2015
lost,63runs,-,lost,2nd,TestvSriLanka,Galle,12Aug2015
won,278runs,-,won,1st,TestvSriLanka,Colombo(PSS),20Aug2015
won,117runs,-,lost,1st,TestvSriLanka,Colombo(SSC),28Aug2015
lost,7wickets,2,lost,1st,T20IvSouthAfrica,Dharamsala,2Oct2015
lost,6wickets,17,lost,1st,T20IvSouthAfrica,Cuttack,5Oct2015
lost,5runs,-,lost,2nd,ODIvSouthAfrica,Kanpur,11Oct2015
won,22runs,-,won,1st,ODIvSouthAfrica,Indore,14Oct2015
lost,18runs,-,lost,2nd,ODIvSouthAfrica,Rajkot,18Oct2015
won,35runs,-,won,1st,ODIvSouthAfrica,Chennai,22Oct2015
lost,214runs,-,lost,2nd,ODIvSouthAfrica,Mumbai,25Oct2015
won,108runs,-,won,1st,TestvSouthAfrica,Mohali,5Nov2015
draw,-,-,won,2nd,TestvSouthAfrica,Bengaluru,14Nov2015
won,124runs,-,won,1st,TestvSouthAfrica,Nagpur,25Nov2015
won,337runs,-,won,1st,TestvSouthAfrica,Delhi,3Dec2015
lost,5wickets,4,won,1st,ODIvAustralia,Perth,12Jan2016
lost,7wickets,6,won,1st,ODIvAustralia,Brisbane,15Jan2016
lost,3wickets,7,lost,1st,ODIvAustralia,Melbourne,17Jan2016
lost,25runs,-,lost,2nd,ODIvAustralia,Canberra,20Jan2016
won,6wickets,2,won,2nd,ODIvAustralia,Sydney,23Jan2016
won,37runs,-,lost,1st,T20IvAustralia,Adelaide,26Jan2016
won,27runs,-,lost,1st,T20IvAustralia,Melbourne,29Jan2016
won,7wickets,0,lost,2nd,T20IvAustralia,Sydney,31Jan2016
lost,5wickets,12,lost,1st,T20IvSriLanka,Pune,9Feb2016
won,69runs,-,lost,1st,T20IvSriLanka,Ranchi,12Feb2016
won,9wickets,37,won,2nd,T20IvSriLanka,Visakhapatnam,14Feb2016
won,45runs,-,lost,1st,T20IvBangladesh,Dhaka,24Feb2016
won,5wickets,27,won,2nd,T20IvPakistan,Dhaka,27Feb2016
won,5wickets,4,won,2nd,T20IvSriLanka,Dhaka,1Mar2016
won,9wickets,59,lost,2nd,T20IvU.A.E.,Dhaka,3Mar2016
won,8wickets,7,won,2nd,T20IvBangladesh,Dhaka,6Mar2016
lost,47runs,-,lost,2nd,T20IvNewZealand,Nagpur,15Mar2016
won,6wickets,13,won,2nd,T20IvPakistan,Kolkata,19Mar2016
won,1runs,-,lost,1st,T20IvBangladesh,Bengaluru,23Mar2016
won,6wickets,5,lost,2nd,T20IvAustralia,Mohali,27Mar2016
lost,7wickets,2,lost,1st,T20IvWestIndies,Mumbai,31Mar2016
won,9wickets,45,won,2nd,ODIvZimbabwe,Harare,11Jun2016
won,8wickets,139,won,2nd,ODIvZimbabwe,Harare,13Jun2016
won,10wickets,169,lost,2nd,ODIvZimbabwe,Harare,15Jun2016
lost,2runs,-,won,2nd,T20IvZimbabwe,Harare,18Jun2016
won,10wickets,41,lost,2nd,T20IvZimbabwe,Harare,20Jun2016
won,3runs,-,lost,1st,T20IvZimbabwe,Harare,22Jun2016
won,inns&92runs,won,1st,TestvWestIndies,North,Sound,21Jul2016
draw,-,-,lost,2nd,TestvWestIndies,Kingston,30Jul2016
won,237runs,lost,1st,TestvWestIndies,Gros,Islet,9Aug2016
draw,-,-,lost,2nd,TestvWestIndies,PortofSpain,18Aug2016
lost,1runs,-,won,2nd,T20IvWestIndies,Lauderhill,27Aug2016
n/r,-,-,won,2nd,T20IvWestIndies,Lauderhill,28Aug2016
won,197runs,-,won,1st,TestvNewZealand,Kanpur,22Sep2016
won,178runs,-,won,1st,TestvNewZealand,Kolkata,30Sep2016
won,321runs,-,won,1st,TestvNewZealand,Indore,8Oct2016
won,6wickets,101,won,2nd,ODIvNewZealand,Dharamsala,16Oct2016
lost,6runs,-,won,2nd,ODIvNewZealand,Delhi,20Oct2016
won,7wickets,10,won,2nd,ODIvNewZealand,Mohali,23Oct2016
lost,19runs,-,lost,2nd,ODIvNewZealand,Ranchi,26Oct2016
won,190runs,-,won,1st,ODIvNewZealand,Visakhapatnam,29Oct2016
draw,-,-,lost,2nd,TestvEngland,Rajkot,9Nov2016
won,246runs,-,won,1st,TestvEngland,Visakhapatnam,17Nov2016
won,8wickets,-,lost,2nd,TestvEngland,Mohali,26Nov2016
won,inns&36runs,-,lost,2nd,TestvEngland,Mumbai,8Dec2016
won,inns&75runs,-,lost,2nd,TestvEngland,Chennai,16Dec2016
won,3wickets,11,won,2nd,ODIvEngland,Pune,15Jan2017
won,15runs,-,lost,1st,ODIvEngland,Cuttack,19Jan2017
lost,5runs,-,won,2nd,ODIvEngland,Kolkata,22Jan2017
lost,7wickets,11,lost,1st,T20IvEngland,Kanpur,26Jan2017
won,5runs,-,lost,1st,T20IvEngland,Nagpur,29Jan2017
won,75runs,-,lost,1st,T20IvEngland,Bengaluru,1Feb2017
won,208runs,-,won,1st,TestvBangladesh,Hyderabad(Deccan),9Feb2017
lost,333runs,-,lost,2nd,TestvAustralia,Pune,23Feb2017
won,75runs,-,won,1st,TestvAustralia,Bengaluru,4Mar2017
draw,-,-,lost,2nd,TestvAustralia,Ranchi,16Mar2017
won,8wickets,-,lost,2nd,TestvAustralia,Dharamsala,25Mar2017
won,124runs,-,lost,1st,ODIvPakistan,Birmingham,4Jun2017
lost,7wickets,8,lost,1st,ODIvSriLanka,TheOval,8Jun2017
won,8wickets,72,won,2nd,ODIvSouthAfrica,TheOval,11Jun2017
won,9wickets,59,won,2nd,ODIvBangladesh,Birmingham,15Jun2017
lost,180runs,-,won,2nd,ODIvPakistan,TheOval,18Jun2017
n/r,-,-,lost,1st,ODIvWestIndies,PortofSpain,23Jun2017
won,105runs,-,lost,1st,ODIvWestIndies,PortofSpain,25Jun2017
won,93runs,lost,1st,ODIvWestIndies,North,Sound,30Jun2017
lost,11runs,lost,2nd,ODIvWestIndies,North,Sound,2Jul2017
won,8wickets,79,lost,2nd,ODIvWestIndies,Kingston,6Jul2017
lost,9wickets,9,lost,1st,T20IvWestIndies,Kingston,9Jul2017
won,304runs,-,won,1st,TestvSriLanka,Galle,26Jul2017
won,inns&53runs,-,won,1st,TestvSriLanka,Colombo(SSC),3Aug2017
won,inns&171runs,-,won,1st,TestvSriLanka,Pallekele,12Aug2017
won,9wickets,127,won,2nd,ODIvSriLanka,Dambulla,20Aug2017
won,3wickets,16,won,2nd,ODIvSriLanka,Pallekele,24Aug2017
won,6wickets,29,lost,2nd,ODIvSriLanka,Pallekele,27Aug2017
won,168runs,-,won,1st,ODIvSriLanka,Colombo(RPS),31Aug2017
won,6wickets,21,lost,2nd,ODIvSriLanka,Colombo(RPS),3Sep2017
won,7wickets,4,won,2nd,T20IvSriLanka,Colombo(RPS),6Sep2017
won,26runs,-,won,1st,ODIvAustralia,Chennai,17Sep2017
won,50runs,-,won,1st,ODIvAustralia,Kolkata,21Sep2017
won,5wickets,13,lost,2nd,ODIvAustralia,Indore,24Sep2017
lost,21runs,-,lost,2nd,ODIvAustralia,Bengaluru,28Sep2017
won,7wickets,43,lost,2nd,ODIvAustralia,Nagpur,1Oct2017
won,9wickets,3,won,2nd,T20IvAustralia,Ranchi,7Oct2017
lost,8wickets,27,lost,1st,T20IvAustralia,Guwahati,10Oct2017
lost,6wickets,6,won,1st,ODIvNewZealand,Mumbai,22Oct2017
won,6wickets,24,lost,2nd,ODIvNewZealand,Pune,25Oct2017
won,6runs,-,lost,1st,ODIvNewZealand,Kanpur,29Oct2017
won,53runs,-,lost,1st,T20IvNewZealand,Delhi,1Nov2017
lost,40runs,-,lost,2nd,T20IvNewZealand,Rajkot,4Nov2017
won,6runs,-,lost,1st,T20IvNewZealand,Thiruvananthapuram,7Nov2017
draw,-,-,lost,1st,TestvSriLanka,Kolkata,16Nov2017
won,inns&239runs,-,lost,2nd,TestvSriLanka,Nagpur,24Nov2017
draw,-,-,won,1st,TestvSriLanka,Delhi,2Dec2017
lost,7wickets,176,lost,1st,ODIvSriLanka,Dharamsala,10Dec2017
won,141runs,-,lost,1st,ODIvSriLanka,Mohali,13Dec2017
won,8wickets,107,won,2nd,ODIvSriLanka,Visakhapatnam,17Dec2017
won,93runs,-,lost,1st,T20IvSriLanka,Cuttack,20Dec2017
won,88runs,-,lost,1st,T20IvSriLanka,Indore,22Dec2017
won,5wickets,4,won,2nd,T20IvSriLanka,Mumbai,24Dec2017
lost,72runs,lost,2nd,TestvSouthAfrica,Cape,Town,5Jan2018
lost,135runs,-,lost,2nd,TestvSouthAfrica,Centurion,13Jan2018
won,63runs,-,won,1st,TestvSouthAfrica,Johannesburg,24Jan2018
won,6wickets,27,lost,2nd,ODIvSouthAfrica,Durban,1Feb2018
won,9wickets,177,won,2nd,ODIvSouthAfrica,Centurion,4Feb2018
won,124runs,lost,1st,ODIvSouthAfrica,Cape,Town,7Feb2018
lost,5wickets,15,won,1st,ODIvSouthAfrica,Johannesburg,10Feb2018
won,73runs,lost,1st,ODIvSouthAfrica,PortElizabeth13Feb2018
won,8wickets,107,won,2nd,ODIvSouthAfrica,Centurion,16Feb2018
won,28runs,-,lost,1st,T20IvSouthAfrica,Johannesburg,18Feb2018
lost,6wickets,8,lost,1st,T20IvSouthAfrica,Centurion,21Feb2018
won,7runs,lost,1st,T20IvSouthAfrica,Cape,Town,24Feb2018
lost,5wickets,9,lost,1st,T20IvSriLanka,Colombo(RPS),6Mar2018
won,6wickets,8,won,2nd,T20IvBangladesh,Colombo(RPS),8Mar2018
won,6wickets,9,won,2nd,T20IvSriLanka,Colombo(RPS),12Mar2018
won,17runs,-,lost,1st,T20IvBangladesh,Colombo(RPS),14Mar2018
won,4wickets,0,won,2nd,T20IvBangladesh,Colombo(RPS),18Mar2018
won,inns&262runs,-,won,1st,TestvAfghanistan,Bengaluru,14Jun2018
won,76runs,-,lost,1st,T20IvIreland,Dublin(Malahide),27Jun2018
won,143runs,-,lost,1st,T20IvIreland,Dublin(Malahide),29Jun2018
won,8wickets,10,won,2nd,T20IvEngland,Manchester,3Jul2018
lost,5wickets,2,lost,1st,T20IvEngland,Cardiff,6Jul2018
won,7wickets,8,won,2nd,T20IvEngland,Bristol,8Jul2018
won,8wickets,59,won,2nd,ODIvEngland,Nottingham,12Jul2018
lost,86runs,-,lost,2nd,ODIvEngland,Lord's,14Jul2018
lost,8wickets,33,lost,1st,ODIvEngland,Leeds,17Jul2018
lost,31runs,-,lost,2nd,TestvEngland,Birmingham,1Aug2018
lost,inns&159runs,-,lost,1st,TestvEngland,Lord's,9Aug2018
won,203runs,-,lost,1st,TestvEngland,Nottingham,18Aug2018
lost,60runs,-,lost,2nd,TestvEngland,Southampton,30Aug2018
lost,118runs,-,lost,2nd,TestvEngland,TheOval,7Sep2018
won,26runs,-,lost,1st,ODIvHongKong,Dubai(DSC),18Sep2018
won,8wickets,126,lost,2nd,ODIvPakistan,Dubai(DSC),19Sep2018
won,7wickets,82,won,2nd,ODIvBangladesh,Dubai(DSC),21Sep2018
won,9wickets,63,lost,2nd,ODIvPakistan,Dubai(DSC),23Sep2018
tied,-,-,lost,2nd,ODIvAfghanistan,Dubai(DSC),25Sep2018
won,3wickets,0,won,2nd,ODIvBangladesh,Dubai(DSC),28Sep2018
won,inns&272runs,-,won,1st,TestvWestIndies,Rajkot,4Oct2018
won,10wickets,-,lost,2nd,TestvWestIndies,Hyderabad(Deccan),12Oct2018
won,8wickets,47,won,2nd,ODIvWestIndies,Guwahati,21Oct2018
tied,-,-,won,1st,ODIvWestIndies,Visakhapatnam,24Oct2018
lost,43runs,-,won,2nd,ODIvWestIndies,Pune,27Oct2018
won,224runs,won,1st,ODIvWestIndies,Mumbai,(BS),29Oct2018
won,9wickets,211,lost,2nd,ODIvWestIndies,Thiruvananthapuram,1Nov2018
won,5wickets,13,won,2nd,T20IvWestIndies,Kolkata,4Nov2018
won,71runs,-,lost,1st,T20IvWestIndies,Lucknow,6Nov2018
won,6wickets,0,lost,2nd,T20IvWestIndies,Chennai,11Nov2018
lost,4runs,-,won,2nd,T20IvAustralia,Brisbane,21Nov2018
n/r,-,-,won,2nd,T20IvAustralia,Melbourne,23Nov2018
won,6wickets,2,lost,2nd,T20IvAustralia,Sydney,25Nov2018
won,31runs,-,won,1st,TestvAustralia,Adelaide,6Dec2018
lost,146runs,-,lost,2nd,TestvAustralia,Perth,14Dec2018
won,137runs,-,won,1st,TestvAustralia,Melbourne,26Dec2018
draw,-,-,won,1st,TestvAustralia,Sydney,3Jan2019
lost,34runs,-,lost,2nd,ODIvAustralia,Sydney,12Jan2019
won,6wickets,4,lost,2nd,ODIvAustralia,Adelaide,15Jan2019
won,7wickets,4,won,2nd,ODIvAustralia,Melbourne,18Jan2019
won,8wickets,85,lost,2nd,ODIvNewZealand,Napier,23Jan2019
won,90runs,-,won,1st,ODIvNewZealand,MountMaunganui,26Jan2019
won,7wickets,42,lost,2nd,ODIvNewZealand,MountMaunganui,28Jan2019
lost,8wickets,212,lost,1st,ODIvNewZealand,Hamilton,31Jan2019
won,35runs,-,won,1st,ODIvNewZealand,Wellington,3Feb2019
lost,80runs,-,won,2nd,T20IvNewZealand,Wellington,6Feb2019
won,7wickets,7,lost,2nd,T20IvNewZealand,Auckland,8Feb2019
lost,4runs,-,won,2nd,T20IvNewZealand,Hamilton,10Feb2019
lost,3wickets,0,lost,1st,T20IvAustralia,Visakhapatnam,24Feb2019
lost,7wickets,2,lost,1st,T20IvAustralia,Bengaluru,27Feb2019
won,6wickets,10,lost,2nd,ODIvAustralia,Hyderabad(Deccan),2Mar2019
won,8runs,-,lost,1st,ODIvAustralia,Nagpur,5Mar2019
lost,32runs,-,won,2nd,ODIvAustralia,Ranchi,8Mar2019
lost,4wickets,13,won,1st,ODIvAustralia,Mohali,10Mar2019
lost,35runs,-,lost,2nd,ODIvAustralia,Delhi,13Mar2019
won,6wickets,15,lost,2nd,ODIvSouthAfrica,Southampton,5Jun2019
won,36runs,-,won,1st,ODIvAustralia,TheOval,9Jun2019
won,89runs,-,lost,1st,ODIvPakistan,Manchester,16Jun2019
won,11runs,-,won,1st,ODIvAfghanistan,Southampton,22Jun2019
won,125runs,-,won,1st,ODIvWestIndies,Manchester,27Jun2019
lost,31runs,-,lost,2nd,ODIvEngland,Birmingham,30Jun2019
won,28runs,-,won,1st,ODIvBangladesh,Birmingham,2Jul2019
won,7wickets,39,lost,2nd,ODIvSriLanka,Leeds,6Jul2019
lost,18runs,-,lost,2nd,ODIvNewZealand,Manchester,9Jul2019
won,4wickets,16,won,2nd,T20IvWestIndies,Lauderhill,3Aug2019
won,22runs,-,won,1st,T20IvWestIndies,Lauderhill,4Aug2019
won,7wickets,5,won,2nd,T20IvWestIndies,Providence,6Aug2019
n/r,-,-,won,2nd,ODIvWestIndies,Providence,8Aug2019
won,59runs,-,won,1st,ODIvWestIndies,PortofSpain,11Aug2019
won,6wickets,15,lost,2nd,ODIvWestIndies,PortofSpain,14Aug2019
won,318runs,lost,1st,TestvWestIndies,North,Sound,22Aug2019
won,257runs,-,lost,1st,TestvWestIndies,Kingston,30Aug2019
won,7wickets,6,won,2nd,T20IvSouthAfrica,Mohali,18Sep2019
lost,9wickets,19,won,1st,T20IvSouthAfrica,Bengaluru,22Sep2019
won,203runs,-,won,1st,TestvSouthAfrica,Visakhapatnam,2Oct2019
won,inns&137runs,-,won,1st,TestvSouthAfrica,Pune,10Oct2019
won,inns&202runs,-,won,1st,TestvSouthAfrica,Ranchi,19Oct2019
lost,7wickets,3,lost,1st,T20IvBangladesh,Delhi,3Nov2019
won,8wickets,26,won,2nd,T20IvBangladesh,Rajkot,7Nov2019
won,30runs,-,lost,1st,T20IvBangladesh,Nagpur,10Nov2019
won,inns&130runs,-,lost,2nd,TestvBangladesh,Indore,14Nov2019
won,inns&46runs,-,lost,2nd,TestvBangladesh,Kolkata,22Nov2019
won,6wickets,8,won,2nd,T20IvWestIndies,Hyderabad(Deccan),6Dec2019
lost,8wickets,9,lost,1st,T20IvWestIndies,Thiruvananthapuram,8Dec2019
won,67runs,-,lost,1st,T20IvWestIndies,Mumbai,11Dec2019
lost,8wickets,13,lost,1st,ODIvWestIndies,Chennai,15Dec2019
won,107runs,-,lost,1st,ODIvWestIndies,Visakhapatnam,18Dec2019
won,4wickets,8,won,2nd,ODIvWestIndies,Cuttack,22Dec2019
n/r,-,-,won,-,T20IvSriLanka,Guwahati,5Jan2020
won,7wickets,15,won,2nd,T20IvSriLanka,Indore,7Jan2020
won,78runs,-,lost,1st,T20IvSriLanka,Pune,10Jan2020
lost,10wickets,74,lost,1st,ODIvAustralia,Mumbai,14Jan2020
won,36runs,-,lost,1st,ODIvAustralia,Rajkot,17Jan2020
won,7wickets,15,lost,2nd,ODIvAustralia,Bengaluru,19Jan2020
won,6wickets,6,won,2nd,T20IvNewZealand,Auckland,24Jan2020
won,7wickets,15,lost,2nd,T20IvNewZealand,Auckland,26Jan2020
tied,-,-,lost,1st,T20IvNewZealand,Hamilton,29Jan2020
tied,-,-,lost,1st,T20IvNewZealand,Wellington,31Jan2020
won,7runs,-,won,1st,T20IvNewZealand,MountMaunganui,2Feb2020
lost,4wickets,11,lost,1st,ODIvNewZealand,Hamilton,5Feb2020
lost,22runs,-,won,2nd,ODIvNewZealand,Auckland,8Feb2020
lost,5wickets,17,lost,1st,ODIvNewZealand,MountMaunganui,11Feb2020
lost,10wickets,-,lost,1st,TestvNewZealand,Wellington,21Feb2020
lost,7wickets,-,lost,1st,TestvNewZealand,Christchurch,29Feb2020
lost,66runs,-,lost,2nd,ODIvAustralia,Sydney,27Nov2020
lost,51runs,-,lost,2nd,ODIvAustralia,Sydney,29Nov2020
won,13runs,-,won,1st,ODIvAustralia,Canberra,2Dec2020
won,11runs,-,lost,1st,T20IvAustralia,Canberra,4Dec2020
won,6wickets,2,won,2nd,T20IvAustralia,Sydney,6Dec2020
lost,12runs,-,won,2nd,T20IvAustralia,Sydney,8Dec2020
lost,8wickets,-,won,1st,TestvAustralia,Adelaide,17Dec2020
won,8wickets,-,lost,2nd,TestvAustralia,Melbourne,26Dec2020
draw,-,-,lost,2nd,TestvAustralia,Sydney,7Jan2021
won,3wickets,-,lost,2nd,TestvAustralia,Brisbane,15Jan2021
lost,227runs,-,lost,2nd,TestvEngland,Chennai,5Feb2021
won,317runs,-,won,1st,TestvEngland,Chennai,13Feb2021
won,10wickets,-,lost,2nd,TestvEngland,Ahmedabad,24Feb2021
won,inns&25runs,-,lost,2nd,TestvEngland,Ahmedabad,4Mar2021
lost,8wickets,27,lost,1st,T20IvEngland,Ahmedabad,12Mar2021
won,7wickets,13,won,2nd,T20IvEngland,Ahmedabad,14Mar2021
lost,8wickets,10,lost,1st,T20IvEngland,Ahmedabad,16Mar2021
won,8runs,-,lost,1st,T20IvEngland,Ahmedabad,18Mar2021
won,36runs,-,lost,1st,T20IvEngland,Ahmedabad,20Mar2021
won,66runs,-,lost,1st,ODIvEngland,Pune,23Mar2021
lost,6wickets,39,lost,1st,ODIvEngland,Pune,26Mar2021
won,7runs,-,lost,1st,ODIvEngland,Pune,28Mar2021
lost,8wickets,-,lost,1st,TestvNewZealand,Southampton,18Jun2021
